0,1,2,3,4,5,6,7
0,35:06,NO,YES,38:09,44:59,YES,YES
37:22,36:00,YES,YES,31:33,38:22,YES,YES
30:00,29:25,YES,YES,35:06,27:19,YES,YES
0,26:35,NO,YES,35:42,35:51,YES,YES
35:57,33:15,YES,YES,34:13,28:06,YES,YES
38:41,Did Not Play,YES,YES,38:10,36:22,YES,YES
16:09,25:09,YES,YES,Did Not Play,24:03,YES,YES
37:13,34:15,YES,YES,23:15,34:59,YES,YES
31:45,30:45,YES,YES,33:31,29:11,YES,YES
0,35:24,NO,YES,31:38,35:18,YES,YES
30:07,27:42,YES,YES,37:55,36:24,YES,YES
17:25,26:33,YES,YES,33:24,32:18,YES,YES
23:54,33:47,YES,YES,37:49,26:03,YES,YES
37:15,30:14,YES,YES,0,25:16,NO,YES
28:10,33:20,YES,YES,36:26,32:52,YES,YES
21:26,24:34,YES,YES,29:48,28:25,YES,YES
35:41,39:42,YES,YES,35:10,36:13,YES,YES
27:43,6:15,YES,YES,0,27:56,NO,YES
16:35,38:34,YES,YES,31:13,25:12,YES,YES
33:22,26:41,YES,YES,18:28,28:20,YES,YES
37:41,29:04,YES,YES,0,31:25,NO,YES
34:33,31:27,YES,YES,30:02,29:10,YES,YES
Did Not Play,41:24,YES,YES,40:32,40:37,YES,YES
34:02,26:19,YES,YES,17:14,34:07,YES,YES
32:24,33:58,YES,YES,32:20,30:34,YES,YES
0,38:28,NO,YES,36:38,37:23,YES,YES
0,35:14,NO,YES,0,26:44,NO,YES
31:11,29:42,YES,YES,35:59,33:04,YES,YES
33:32,30:21,YES,YES,19:51,29:52,YES,YES
28:05,34:25,YES,YES,30:15,23:12,YES,YES
32:50,34:33,YES,YES,33:06,34:42,YES,YES
0,38:41,NO,YES,36:05,33:35,YES,YES
38:26,30:25,YES,YES,36:24,33:06,YES,YES
15:17,20:00,YES,YES,25:03,25:35,YES,YES
32:16,32:19,YES,YES,Did Not Play,38:27,YES,YES
30:08,23:57,YES,YES,19:04,25:24,YES,YES
34:20,27:29,YES,YES,19:42,32:21,YES,YES
38:24,25:41,YES,YES,37:42,34:23,YES,YES
0,31:36,NO,YES,34:48,Did Not Play,YES,YES
28:40,27:31,YES,YES,32:29,35:01,YES,YES
35:36,28:25,YES,YES,18:20,32:44,YES,YES
38:43,34:39,YES,YES,0,26:04,NO,YES
25:00,28:52,YES,YES,35:58,38:11,YES,YES
32:43,37:49,YES,YES,34:29,28:54,YES,YES
33:55,26:48,YES,YES,36:52,35:29,YES,YES
33:08,33:25,YES,YES,29:12,28:41,YES,YES
31:00,33:53,YES,YES,0,31:04,NO,YES
38:48,24:05,YES,YES,33:26,33:44,YES,YES
35:32,37:06,YES,YES,Did Not Play,29:02,YES,YES
28:27,30:58,YES,YES,30:23,36:18,YES,YES
26:52,31:58,YES,YES,29:44,26:16,YES,YES
11:04,35:33,YES,YES,30:40,32:44,YES,YES
32:30,32:58,YES,YES,32:56,33:31,YES,YES
22:46,25:16,YES,YES,30:34,28:19,YES,YES
31:54,27:10,YES,YES,31:12,35:01,YES,YES
19:28,36:40,YES,YES,33:51,28:09,YES,YES
22:39,Did Not Play,YES,YES,20:02,32:43,YES,YES
34:38,33:53,YES,YES,38:35,38:08,YES,YES
36:21,32:28,YES,YES,30:58,21:40,YES,YES
0,20:32,NO,YES,30:16,37:47,YES,YES
38:12,24:47,YES,YES,31:26,0,YES,NO
37:30,34:41,YES,YES,40:30,34:18,YES,YES
34:53,30:38,YES,YES,35:17,36:16,YES,YES
0,13:39,NO,YES,32:38,34:59,YES,YES
Did Not Play,35:55,YES,YES,21:09,23:45,YES,YES
35:11,35:44,YES,YES,0,33:04,NO,YES
27:08,26:17,YES,YES,0,35:34,NO,YES
35:06,35:38,YES,YES,34:07,31:05,YES,YES
36:39,36:24,YES,YES,34:29,31:02,YES,YES
34:56,31:28,YES,YES,37:17,33:02,YES,YES
30:16,20:23,YES,YES,25:05,21:32,YES,YES
16:16,33:38,YES,YES,33:46,35:37,YES,YES
0,24:40,NO,YES,32:14,32:06,YES,YES
42:40,42:32,YES,YES,38:08,37:25,YES,YES
38:00,35:11,YES,YES,20:15,36:49,YES,YES
29:18,26:04,YES,YES,0,34:26,NO,YES
0,13:10,NO,YES,29:17,0,YES,NO
33:11,18:02,YES,YES,0,Did Not Play,NO,YES
31:27,32:16,YES,YES,33:47,27:05,YES,YES
Did Not Play,31:28,YES,YES,24:10,28:43,YES,YES
32:23,38:02,YES,YES,36:26,33:42,YES,YES
Did Not Play,23:38,YES,YES,27:53,19:47,YES,YES
19:39,30:40,YES,YES,0,Did Not Dress,NO,YES
Did Not Play,36:26,YES,YES,39:04,Did Not Dress,YES,YES
31:52,28:20,YES,YES,0,31:08,NO,YES
26:26,26:14,YES,YES,27:27,25:55,YES,YES
29:40,34:47,YES,YES,24:34,26:56,YES,YES
36:00,37:18,YES,YES,33:59,30:16,YES,YES
33:33,31:08,YES,YES,35:06,30:56,YES,YES
34:03,33:58,YES,YES,33:45,29:32,YES,YES
0,0,NO,NO,32:22,26:30,YES,YES
0,37:02,NO,YES,34:33,30:03,YES,YES
37:15,Did Not Play,YES,YES,23:49,28:23,YES,YES
26:42,27:03,YES,YES,Did Not Play,17:21,YES,YES
Did Not Play,35:37,YES,YES,Did Not Play,32:05,YES,YES
37:18,28:16,YES,YES,0,Did Not Play,NO,YES
0,38:55,NO,YES,17:03,41:58,YES,YES
34:25,33:38,YES,YES,32:11,37:04,YES,YES
36:23,33:51,YES,YES,29:44,Did Not Play,YES,YES
31:25,35:11,YES,YES,33:31,31:17,YES,YES
33:39,32:55,YES,YES,32:05,25:46,YES,YES
29:18,24:55,YES,YES,22:46,32:33,YES,YES
7:55,32:20,YES,YES,0,Did Not Play,NO,YES
41:27,34:13,YES,YES,27:59,35:02,YES,YES
30:54,13:15,YES,YES,29:12,Did Not Play,YES,YES
0,0,NO,NO,35:18,30:17,YES,YES
30:48,33:45,YES,YES,37:02,39:54,YES,YES
33:33,3:10,YES,YES,27:10,25:44,YES,YES
33:22,27:41,YES,YES,37:26,33:45,YES,YES
35:50,10:05,YES,YES,36:08,35:26,YES,YES
35:43,33:03,YES,YES,0,39:28,NO,YES
28:53,29:11,YES,YES,19:02,30:19,YES,YES
30:51,27:23,YES,YES,34:12,34:14,YES,YES
33:59,34:57,YES,YES,Did Not Play,35:33,YES,YES
38:08,27:29,YES,YES,33:23,28:02,YES,YES
0,Did Not Dress,NO,YES,38:42,32:29,YES,YES
21:56,25:51,YES,YES,31:51,27:12,YES,YES
28:53,35:58,YES,YES,38:59,33:35,YES,YES
29:18,29:54,YES,YES,39:36,Did Not Play,YES,YES
0,0,NO,NO,35:29,7:43,YES,YES
38:59,16:12,YES,YES,0,31:20,NO,YES
0,36:11,NO,YES,35:13,35:35,YES,YES
28:30,0,YES,NO,37:47,37:25,YES,YES
36:26,37:31,YES,YES,36:31,38:19,YES,YES
38:31,35:46,YES,YES,40:21,34:20,YES,YES
38:06,38:03,YES,YES,34:45,36:03,YES,YES
33:55,32:28,YES,YES,27:17,26:22,YES,YES
0,35:35,NO,YES,27:52,31:09,YES,YES
35:48,31:47,YES,YES,32:06,29:00,YES,YES
28:41,0,YES,NO,23:18,Did Not Play,YES,YES
0,0,NO,NO,30:34,25:08,YES,YES
35:55,35:25,YES,YES,41:12,9:44,YES,YES
37:32,29:20,YES,YES,34:45,30:21,YES,YES
26:58,33:39,YES,YES,25:48,0,YES,NO
36:25,22:31,YES,YES,31:46,0,YES,NO
31:35,30:46,YES,YES,0,31:29,NO,YES
25:07,11:55,YES,YES,Did Not Play,32:24,YES,YES
42:58,Did Not Play,YES,YES,44:15,35:25,YES,YES
42:13,0,YES,NO,37:40,35:20,YES,YES
30:19,17:11,YES,YES,23:58,19:54,YES,YES
33:47,19:50,YES,YES,34:54,33:07,YES,YES
27:19,24:42,YES,YES,34:31,32:50,YES,YES
38:16,35:22,YES,YES,0,Did Not Play,NO,YES
34:30,33:01,YES,YES,0,22:20,NO,YES
43:35,0,YES,NO,34:58,31:19,YES,YES
24:58,19:04,YES,YES,29:13,25:27,YES,YES
31:29,32:33,YES,YES,35:05,34:59,YES,YES
Did Not Play,Did Not Play,YES,YES,38:57,27:40,YES,YES
0,36:43,NO,YES,30:39,35:19,YES,YES
41:20,Did Not Play,YES,YES,30:44,33:19,YES,YES
37:33,37:04,YES,YES,Did Not Play,39:12,YES,YES
36:41,17:34,YES,YES,37:33,37:44,YES,YES
37:34,20:37,YES,YES,31:08,0,YES,NO
23:00,30:03,YES,YES,33:34,34:16,YES,YES
0,35:17,NO,YES,33:42,31:00,YES,YES
39:00,28:59,YES,YES,34:32,34:59,YES,YES
40:56,37:44,YES,YES,44:27,29:36,YES,YES
33:26,31:58,YES,YES,30:06,7:53,YES,YES
0,28:14,NO,YES,0,26:29,NO,YES
41:25,0,YES,NO,36:57,29:40,YES,YES
38:49,39:51,YES,YES,38:44,22:49,YES,YES
32:47,20:52,YES,YES,35:50,0,YES,NO
Did Not Dress,36:25,YES,YES,0,Did Not Dress,NO,YES
35:32,33:04,YES,YES,22:21,36:15,YES,YES
35:47,0,YES,NO,Did Not Play,32:04,YES,YES
34:43,29:51,YES,YES,28:02,28:40,YES,YES
29:38,26:02,YES,YES,28:00,38:27,YES,YES
36:32,31:02,YES,YES,36:46,32:18,YES,YES
35:58,9:07,YES,YES,40:27,35:12,YES,YES
36:29,36:01,YES,YES,29:51,30:24,YES,YES
36:58,22:35,YES,YES,33:25,11:08,YES,YES
37:38,45:33,YES,YES,38:28,31:09,YES,YES
37:54,34:52,YES,YES,0,34:02,NO,YES
29:26,0,YES,NO,35:29,38:40,YES,YES
Did Not Dress,21:43,YES,YES,32:20,36:51,YES,YES
28:24,0,YES,NO,29:54,0,YES,NO
25:24,36:20,YES,YES,26:42,25:36,YES,YES
0,Did Not Play,NO,YES,37:41,34:14,YES,YES
38:41,Did Not Play,YES,YES,32:18,Did Not Play,YES,YES
41:13,0,YES,NO,35:37,35:43,YES,YES
40:19,35:08,YES,YES,36:55,34:45,YES,YES
28:50,0,YES,NO,0,23:28,NO,YES
22:31,25:50,YES,YES,25:16,27:56,YES,YES
30:15,32:00,YES,YES,26:36,0,YES,NO
25:34,31:13,YES,YES,22:18,21:04,YES,YES
39:36,27:36,YES,YES,32:52,31:05,YES,YES
0,32:30,NO,YES,0,Did Not Play,NO,YES
39:03,0,YES,NO,28:25,33:07,YES,YES
0,24:58,NO,YES,16:42,31:52,YES,YES
29:00,0,YES,NO,0,24:10,NO,YES
15:39,26:07,YES,YES,34:42,0,YES,NO
33:44,0,YES,NO,27:56,27:32,YES,YES
34:31,26:55,YES,YES,33:06,34:16,YES,YES
33:35,34:48,YES,YES,35:15,31:33,YES,YES
27:01,29:54,YES,YES,Did Not Play,34:05,YES,YES
33:23,14:37,YES,YES,36:12,33:50,YES,YES
33:20,27:02,YES,YES,0,27:38,NO,YES
0,34:38,NO,YES,26:29,34:35,YES,YES
Did Not Dress,29:16,YES,YES,0,34:33,NO,YES
Did Not Play,38:45,YES,YES,34:21,0,YES,NO
30:11,24:09,YES,YES,37:06,37:08,YES,YES
13:14,35:30,YES,YES,33:39,41:46,YES,YES
39:53,32:15,YES,YES,38:07,22:27,YES,YES
30:08,0,YES,NO,33:02,0,YES,NO
15:17,38:15,YES,YES,0,27:34,NO,YES
0,Did Not Play,NO,YES,25:30,24:09,YES,YES
33:17,0,YES,NO,32:26,29:54,YES,YES
10:50,27:51,YES,YES,34:38,0,YES,NO
29:48,24:26,YES,YES,27:47,33:03,YES,YES
35:20,37:37,YES,YES,32:49,15:11,YES,YES
37:06,34:53,YES,YES,32:26,33:25,YES,YES
40:34,38:44,YES,YES,37:37,31:29,YES,YES
0,0,NO,NO,35:49,0,YES,NO
0,32:30,NO,YES,Did Not Play,37:22,YES,YES
31:40,0,YES,NO,32:45,17:38,YES,YES
21:54,35:45,YES,YES,42:13,34:23,YES,YES
26:17,0,YES,NO,0,25:19,NO,YES
34:25,33:17,YES,YES,29:25,25:50,YES,YES
35:14,35:37,YES,YES,31:46,26:47,YES,YES
32:44,35:44,YES,YES,27:36,31:57,YES,YES
25:26,26:04,YES,YES,28:29,27:34,YES,YES
32:10,12:02,YES,YES,35:30,38:06,YES,YES
0,Did Not Play,NO,YES,34:33,34:59,YES,YES
42:20,33:59,YES,YES,28:01,34:57,YES,YES
Did Not Play,38:27,YES,YES,38:37,11:35,YES,YES
34:44,34:24,YES,YES,24:47,38:45,YES,YES
0,34:28,NO,YES,35:01,0,YES,NO
40:09,0,YES,NO,41:23,0,YES,NO
31:14,34:00,YES,YES,23:52,31:21,YES,YES
30:04,25:33,YES,YES,25:43,26:33,YES,YES
36:30,0,YES,NO,Did Not Play,35:53,YES,YES
34:42,38:50,YES,YES,25:14,32:38,YES,YES
0,26:11,NO,YES,27:12,0,YES,NO
0,36:39,NO,YES,Did Not Play,36:14,YES,YES
34:26,33:41,YES,YES,41:17,37:44,YES,YES
0,31:44,NO,YES,19:01,31:48,YES,YES
36:24,0,YES,NO,41:10,28:24,YES,YES
Did Not Play,33:09,YES,YES,32:20,34:20,YES,YES
0,35:12,NO,YES,27:51,28:00,YES,YES
0,34:17,NO,YES,Did Not Play,31:54,YES,YES
0,37:26,NO,YES,31:19,20:00,YES,YES
26:10,30:06,YES,YES,33:00,30:08,YES,YES
31:47,16:13,YES,YES,34:34,0,YES,NO
27:31,0,YES,NO,34:28,0,YES,NO
16:46,34:10,YES,YES,31:05,34:07,YES,YES
31:57,40:42,YES,YES,39:49,0,YES,NO
27:15,22:55,YES,YES,29:56,31:22,YES,YES
0,34:09,NO,YES,38:30,0,YES,NO
32:37,35:08,YES,YES,35:13,36:02,YES,YES
34:55,27:37,YES,YES,0,Did Not Dress,NO,YES
28:28,28:00,YES,YES,34:31,30:17,YES,YES
29:39,22:45,YES,YES,24:53,24:56,YES,YES
0,29:40,NO,YES,35:09,31:14,YES,YES
30:44,25:15,YES,YES,0,37:04,NO,YES
0,39:10,NO,YES,24:07,31:23,YES,YES
30:18,30:36,YES,YES,32:54,29:33,YES,YES
19:46,0,YES,NO,32:19,36:54,YES,YES
30:40,23:45,YES,YES,30:04,0,YES,NO
Did Not Play,39:45,YES,YES,35:15,36:27,YES,YES
Did Not Dress,29:31,YES,YES,33:59,33:46,YES,YES
35:06,0,YES,NO,35:12,19:33,YES,YES
30:30,15:36,YES,YES,34:15,32:58,YES,YES
39:42,29:48,YES,YES,0,38:06,NO,YES
37:11,37:35,YES,YES,0,40:09,NO,YES
25:09,24:40,YES,YES,29:38,22:27,YES,YES
36:12,30:30,YES,YES,0,23:38,NO,YES
37:03,31:32,YES,YES,0,25:18,NO,YES
0,37:28,NO,YES,31:44,21:52,YES,YES
39:33,0,YES,NO,0,33:49,NO,YES
32:03,23:17,YES,YES,31:15,30:46,YES,YES
35:27,37:41,YES,YES,29:22,35:11,YES,YES
42:39,0,YES,NO,41:54,38:58,YES,YES
35:53,37:01,YES,YES,31:48,31:02,YES,YES
0,19:18,NO,YES,27:46,24:19,YES,YES
0,36:15,NO,YES,28:57,24:14,YES,YES
30:30,25:07,YES,YES,35:04,31:26,YES,YES
37:33,33:52,YES,YES,0,37:45,NO,YES
38:02,34:11,YES,YES,36:41,29:58,YES,YES
30:23,22:04,YES,YES,27:24,24:36,YES,YES
36:29,36:53,YES,YES,36:37,0,YES,NO
32:19,37:46,YES,YES,33:16,37:46,YES,YES
31:23,0,YES,NO,30:41,26:41,YES,YES
19:58,28:32,YES,YES,19:37,16:06,YES,YES
35:15,33:27,YES,YES,0,24:22,NO,YES
0,0,NO,NO,35:43,12:17,YES,YES
37:24,33:18,YES,YES,19:31,33:41,YES,YES
32:41,27:49,YES,YES,35:50,36:25,YES,YES
25:04,0,YES,NO,21:56,18:53,YES,YES
33:06,28:00,YES,YES,0,40:27,NO,YES
0,23:23,NO,YES,0,34:34,NO,YES
28:25,30:44,YES,YES,34:36,0,YES,NO
34:39,30:40,YES,YES,26:28,27:18,YES,YES
0,38:23,NO,YES,18:25,38:49,YES,YES
36:27,35:59,YES,YES,29:54,33:50,YES,YES
0,Did Not Dress,NO,YES,33:51,0,YES,NO
29:50,32:28,YES,YES,Did Not Play,0,YES,NO
23:28,25:19,YES,YES,21:58,17:40,YES,YES
35:07,37:23,YES,YES,32:47,0,YES,NO
23:38,21:45,YES,YES,21:30,30:12,YES,YES
0,35:04,NO,YES,41:51,0,YES,NO
28:29,17:34,YES,YES,0,36:53,NO,YES
41:08,37:20,YES,YES,38:58,40:46,YES,YES
48:31,48:24,YES,YES,40:54,Did Not Play,YES,YES
36:32,36:53,YES,YES,34:24,35:44,YES,YES
29:54,25:36,YES,YES,28:08,29:50,YES,YES
0,24:36,NO,YES,17:38,35:54,YES,YES
27:55,25:28,YES,YES,30:49,25:19,YES,YES
0,29:59,NO,YES,0,27:31,NO,YES
0,28:55,NO,YES,37:15,0,YES,NO
37:14,37:50,YES,YES,33:58,31:27,YES,YES
28:53,0,YES,NO,33:32,32:36,YES,YES
35:20,31:14,YES,YES,33:25,28:43,YES,YES
37:14,10:43,YES,YES,31:39,29:16,YES,YES
26:02,29:28,YES,YES,27:01,33:04,YES,YES
33:11,0,YES,NO,37:27,33:32,YES,YES
35:10,35:59,YES,YES,38:09,Did Not Dress,YES,YES
24:44,22:11,YES,YES,29:56,21:26,YES,YES
40:24,35:25,YES,YES,36:21,41:50,YES,YES
0,42:27,NO,YES,0,30:24,NO,YES
0,22:07,NO,YES,22:54,33:36,YES,YES
0,29:12,NO,YES,0,31:50,NO,YES
34:16,32:24,YES,YES,31:55,25:43,YES,YES
30:40,34:05,YES,YES,29:53,28:37,YES,YES
0,30:18,NO,YES,34:11,34:58,YES,YES
39:15,0,YES,NO,36:27,36:33,YES,YES
37:01,15:19,YES,YES,37:21,36:24,YES,YES
29:30,23:34,YES,YES,26:21,25:29,YES,YES
44:41,0,YES,NO,39:42,34:53,YES,YES
32:09,33:45,YES,YES,40:44,32:05,YES,YES
0,25:28,NO,YES,26:11,19:41,YES,YES
38:21,0,YES,NO,25:02,35:25,YES,YES
20:03,22:19,YES,YES,0,25:39,NO,YES
0,37:11,NO,YES,39:04,37:15,YES,YES
20:45,Did Not Dress,YES,YES,30:40,32:58,YES,YES
33:39,32:47,YES,YES,0,29:45,NO,YES
35:00,0,YES,NO,20:58,34:08,YES,YES
40:33,40:03,YES,YES,44:11,40:55,YES,YES
36:28,37:45,YES,YES,30:29,39:10,YES,YES
31:36,25:11,YES,YES,36:14,0,YES,NO
32:15,0,YES,NO,35:02,37:12,YES,YES
31:14,28:00,YES,YES,38:34,31:56,YES,YES
35:39,9:30,YES,YES,39:16,27:51,YES,YES
0,29:44,NO,YES,35:50,30:19,YES,YES
26:48,35:30,YES,YES,29:38,29:10,YES,YES
38:46,38:31,YES,YES,34:16,24:48,YES,YES
36:18,0,YES,NO,39:53,36:05,YES,YES
0,32:01,NO,YES,34:43,29:15,YES,YES
34:04,28:22,YES,YES,0,36:51,NO,YES
34:43,12:08,YES,YES,0,36:15,NO,YES
30:24,28:26,YES,YES,33:00,35:16,YES,YES
27:16,29:27,YES,YES,0,33:23,NO,YES
36:46,Did Not Dress,YES,YES,22:23,35:31,YES,YES
41:08,0,YES,NO,41:44,43:31,YES,YES
33:10,5:11,YES,YES,31:06,37:12,YES,YES
27:19,25:41,YES,YES,28:59,25:38,YES,YES
41:16,36:31,YES,YES,32:01,33:31,YES,YES
37:05,35:16,YES,YES,34:50,29:18,YES,YES
36:36,37:55,YES,YES,0,33:59,NO,YES
32:28,29:20,YES,YES,35:13,35:12,YES,YES
20:07,37:04,YES,YES,0,26:11,NO,YES
31:44,0,YES,NO,25:29,22:44,YES,YES
36:27,36:19,YES,YES,36:26,11:25,YES,YES
25:13,33:23,YES,YES,0,39:17,NO,YES
0,32:38,NO,YES,0,30:50,NO,YES
35:05,28:08,YES,YES,24:57,0,YES,NO
29:53,38:08,YES,YES,0,39:29,NO,YES
36:05,36:29,YES,YES,33:52,36:20,YES,YES
38:33,26:00,YES,YES,39:08,39:13,YES,YES
33:39,29:30,YES,YES,29:39,25:46,YES,YES
37:33,35:07,YES,YES,31:01,28:13,YES,YES
38:24,37:26,YES,YES,37:09,35:21,YES,YES
36:14,34:32,YES,YES,0,24:35,NO,YES
0,33:33,NO,YES,31:03,37:30,YES,YES
31:59,32:09,YES,YES,37:22,0,YES,NO
23:59,37:02,YES,YES,35:15,23:35,YES,YES
26:46,35:04,YES,YES,19:25,0,YES,NO
0,0,NO,NO,36:24,35:25,YES,YES
37:11,31:32,YES,YES,35:15,11:40,YES,YES
25:15,30:38,YES,YES,26:37,0,YES,NO
33:59,37:08,YES,YES,0,Did Not Play,NO,YES
0,25:11,NO,YES,34:33,38:54,YES,YES
0,32:52,NO,YES,36:06,36:14,YES,YES
33:57,0,YES,NO,28:44,28:27,YES,YES
43:01,37:29,YES,YES,1:40,39:57,YES,YES
25:54,27:26,YES,YES,23:59,22:40,YES,YES
33:46,30:45,YES,YES,34:53,32:46,YES,YES
15:20,26:57,YES,YES,38:28,0,YES,NO
29:26,28:09,YES,YES,0,26:54,NO,YES
29:18,37:20,YES,YES,34:04,25:20,YES,YES
35:28,36:56,YES,YES,36:27,0,YES,NO
0,28:47,NO,YES,0,21:59,NO,YES
24:34,36:20,YES,YES,35:48,32:37,YES,YES
25:54,0,YES,NO,0,26:10,NO,YES
37:12,0,YES,NO,Did Not Play,28:33,YES,YES
25:17,32:05,YES,YES,35:31,36:41,YES,YES
30:47,37:57,YES,YES,36:13,40:14,YES,YES
38:54,43:27,YES,YES,24:39,32:11,YES,YES
0,32:34,NO,YES,34:23,28:26,YES,YES
34:29,37:40,YES,YES,36:04,28:05,YES,YES
36:47,31:19,YES,YES,0,Did Not Dress,NO,YES
21:33,29:43,YES,YES,31:25,38:00,YES,YES
0,34:54,NO,YES,34:34,33:18,YES,YES
41:20,0,YES,NO,29:14,22:46,YES,YES
0,34:35,NO,YES,0,41:06,NO,YES
33:19,33:24,YES,YES,37:28,35:26,YES,YES
24:13,Did Not Play,YES,YES,27:20,22:44,YES,YES
31:03,38:09,YES,YES,32:22,36:32,YES,YES
35:09,39:24,YES,YES,32:19,28:22,YES,YES
33:46,33:34,YES,YES,35:20,42:28,YES,YES
43:49,38:42,YES,YES,40:41,0,YES,NO
0,33:48,NO,YES,Did Not Dress,24:19,YES,YES
26:03,32:56,YES,YES,30:39,30:16,YES,YES
32:48,31:23,YES,YES,30:31,35:57,YES,YES
36:34,35:49,YES,YES,0,37:35,NO,YES
0,29:25,NO,YES,37:16,32:52,YES,YES
37:05,36:07,YES,YES,40:56,0,YES,NO
43:06,36:44,YES,YES,32:19,28:59,YES,YES
0,30:08,NO,YES,32:08,31:36,YES,YES
36:14,40:14,YES,YES,36:35,32:57,YES,YES
30:13,28:33,YES,YES,28:22,31:39,YES,YES
24:21,24:16,YES,YES,32:44,31:36,YES,YES
0,23:34,NO,YES,27:15,29:47,YES,YES
39:06,Did Not Dress,YES,YES,0,40:46,NO,YES
28:00,23:19,YES,YES,27:53,30:03,YES,YES
0,27:57,NO,YES,27:37,25:39,YES,YES
0,37:06,NO,YES,32:57,35:42,YES,YES
0,23:40,NO,YES,32:44,36:30,YES,YES
33:07,29:10,YES,YES,36:26,32:39,YES,YES
0,36:46,NO,YES,0,31:20,NO,YES
36:45,35:13,YES,YES,23:02,38:05,YES,YES
40:21,0,YES,NO,0,21:50,NO,YES
36:45,29:38,YES,YES,0,Did Not Play,NO,YES
38:19,Did Not Dress,YES,YES,29:33,32:52,YES,YES
26:02,23:30,YES,YES,22:10,31:35,YES,YES
29:01,29:48,YES,YES,0,30:09,NO,YES
27:05,19:46,YES,YES,24:47,24:01,YES,YES
34:00,32:35,YES,YES,0,33:31,NO,YES
0,36:30,NO,YES,38:02,38:02,YES,YES
0,35:33,NO,YES,0,41:33,NO,YES
16:47,32:07,YES,YES,35:51,30:07,YES,YES
30:58,29:52,YES,YES,30:55,29:44,YES,YES
Did Not Play,30:52,YES,YES,35:58,31:27,YES,YES
27:23,31:46,YES,YES,33:40,0,YES,NO
36:08,34:50,YES,YES,34:21,32:31,YES,YES
27:53,37:15,YES,YES,27:28,25:17,YES,YES
0,43:47,NO,YES,40:31,0,YES,NO
36:32,Did Not Dress,YES,YES,22:53,37:08,YES,YES
38:10,27:59,YES,YES,31:02,31:51,YES,YES
36:09,38:50,YES,YES,34:03,38:06,YES,YES
28:59,31:46,YES,YES,24:45,30:25,YES,YES
30:53,35:08,YES,YES,0,34:21,NO,YES
0,37:05,NO,YES,36:53,32:05,YES,YES
37:42,40:06,YES,YES,30:41,35:58,YES,YES
0,29:50,NO,YES,0,32:55,NO,YES
34:47,32:54,YES,YES,0,37:20,NO,YES
30:19,33:00,YES,YES,28:26,38:03,YES,YES
38:13,39:49,YES,YES,0,33:50,NO,YES
37:55,31:19,YES,YES,39:21,38:50,YES,YES
0,35:53,NO,YES,30:55,27:58,YES,YES
23:54,0,YES,NO,26:19,21:05,YES,YES
28:20,35:03,YES,YES,0,26:41,NO,YES
34:59,30:31,YES,YES,32:39,34:40,YES,YES
27:56,26:26,YES,YES,33:45,27:34,YES,YES
0,40:33,NO,YES,44:51,1:58,YES,YES
37:28,21:40,YES,YES,35:40,38:25,YES,YES
34:40,29:53,YES,YES,32:27,29:17,YES,YES
34:55,33:39,YES,YES,23:49,46:24,YES,YES
31:56,39:06,YES,YES,32:11,32:21,YES,YES
0,25:19,NO,YES,15:12,26:03,YES,YES
31:09,0,YES,NO,32:55,35:59,YES,YES
0,37:36,NO,YES,0,32:28,NO,YES
23:48,30:26,YES,YES,32:57,35:38,YES,YES
0,38:39,NO,YES,35:55,38:45,YES,YES
31:06,0,YES,NO,0,33:57,NO,YES
0,32:59,NO,YES,29:58,25:57,YES,YES
0,26:32,NO,YES,39:02,38:01,YES,YES
36:15,43:29,YES,YES,41:34,39:39,YES,YES
0,35:19,NO,YES,0,23:09,NO,YES
12:57,38:36,YES,YES,0,0,NO,NO
30:05,26:22,YES,YES,0,27:20,NO,YES
31:42,31:42,YES,YES,0,33:00,NO,YES
28:53,27:19,YES,YES,31:45,29:57,YES,YES
0,40:55,NO,YES,35:48,0,YES,NO
35:44,36:44,YES,YES,39:17,33:53,YES,YES
36:19,35:49,YES,YES,36:03,0,YES,NO
33:47,28:47,YES,YES,0,38:36,NO,YES
30:53,32:42,YES,YES,26:30,32:41,YES,YES
19:12,34:58,YES,YES,22:51,28:22,YES,YES
Did Not Play,0,YES,NO,0,36:29,NO,YES
30:18,29:34,YES,YES,35:53,34:19,YES,YES
0,32:05,NO,YES,35:21,36:37,YES,YES
36:39,35:45,YES,YES,0,0,NO,NO
27:22,31:37,YES,YES,32:37,28:20,YES,YES
0,26:11,NO,YES,0,32:44,NO,YES
Did Not Play,26:16,YES,YES,34:48,31:36,YES,YES
20:07,37:56,YES,YES,38:07,37:03,YES,YES
36:15,30:40,YES,YES,17:44,37:45,YES,YES
0,31:58,NO,YES,30:09,7:58,YES,YES
37:56,24:06,YES,YES,31:08,31:31,YES,YES
31:59,30:17,YES,YES,33:56,33:49,YES,YES
0,35:48,NO,YES,37:30,37:33,YES,YES
30:18,31:54,YES,YES,0,35:54,NO,YES
40:14,0,YES,NO,35:38,25:10,YES,YES
30:32,37:35,YES,YES,30:17,0,YES,NO
35:24,33:09,YES,YES,27:25,29:52,YES,YES
0,23:32,NO,YES,31:29,32:30,YES,YES
31:32,37:14,YES,YES,37:55,38:04,YES,YES
19:46,41:23,YES,YES,31:14,30:52,YES,YES
24:11,37:53,YES,YES,38:16,0,YES,NO
0,40:08,NO,YES,33:56,35:27,YES,YES
35:17,37:56,YES,YES,38:32,35:55,YES,YES
0,22:24,NO,YES,0,27:31,NO,YES
0,24:31,NO,YES,34:00,0,YES,NO
32:16,29:54,YES,YES,39:18,32:43,YES,YES
29:27,32:37,YES,YES,34:16,29:53,YES,YES
Did Not Play,27:00,YES,YES,24:31,27:43,YES,YES
36:43,22:06,YES,YES,36:51,0,YES,NO
34:41,34:47,YES,YES,32:55,28:30,YES,YES
34:16,33:06,YES,YES,Did Not Dress,Did Not Play,YES,YES
32:55,42:12,YES,YES,40:49,35:20,YES,YES
21:16,34:37,YES,YES,37:26,38:27,YES,YES
0,35:07,NO,YES,37:57,37:13,YES,YES
22:11,29:35,YES,YES,35:11,26:29,YES,YES
0,42:45,NO,YES,0,24:47,NO,YES
33:34,35:08,YES,YES,32:38,31:51,YES,YES
34:10,0,YES,NO,37:00,0,YES,NO
30:24,30:17,YES,YES,29:41,30:59,YES,YES
35:54,0,YES,NO,38:03,35:33,YES,YES
30:20,34:32,YES,YES,0,0,NO,NO
14:37,44:09,YES,YES,43:02,0,YES,NO
0,28:13,NO,YES,0,21:36,NO,YES
31:54,32:45,YES,YES,28:57,31:10,YES,YES
0,31:18,NO,YES,34:16,33:05,YES,YES
21:53,35:04,YES,YES,0,35:56,NO,YES
41:39,32:07,YES,YES,Did Not Play,35:33,YES,YES
0,29:17,NO,YES,0,0,NO,NO
26:35,27:50,YES,YES,31:42,37:14,YES,YES
0,28:53,NO,YES,37:58,35:01,YES,YES
37:35,0,YES,NO,23:26,33:45,YES,YES
0,25:16,NO,YES,30:43,34:59,YES,YES
32:29,35:08,YES,YES,32:37,37:54,YES,YES
30:33,0,YES,NO,Did Not Dress,Did Not Dress,YES,YES
36:50,34:29,YES,YES,39:27,29:33,YES,YES
34:08,34:34,YES,YES,0,38:54,NO,YES
38:49,17:45,YES,YES,34:22,0,YES,NO
33:50,29:44,YES,YES,32:40,32:30,YES,YES
0,0,NO,NO,20:08,30:18,YES,YES
0,30:32,NO,YES,36:22,31:44,YES,YES
36:58,36:55,YES,YES,0,38:03,NO,YES
37:41,35:43,YES,YES,0,32:49,NO,YES
0,23:33,NO,YES,22:27,31:27,YES,YES
0,35:47,NO,YES,37:26,39:23,YES,YES
25:31,31:29,YES,YES,28:12,31:26,YES,YES
33:59,31:43,YES,YES,31:28,17:54,YES,YES
0,42:33,NO,YES,20:51,41:49,YES,YES
28:09,28:47,YES,YES,37:21,0,YES,NO
Did Not Dress,Did Not Play,YES,YES,27:48,23:08,YES,YES
39:44,0,YES,NO,38:35,32:40,YES,YES
31:15,31:24,YES,YES,37:18,0,YES,NO
36:46,0,YES,NO,0,38:05,NO,YES
22:14,0,YES,NO,26:00,25:21,YES,YES
32:05,33:00,YES,YES,0,33:38,NO,YES
37:51,45:18,YES,YES,0,35:42,NO,YES
35:48,32:44,YES,YES,0,38:42,NO,YES
29:37,27:58,YES,YES,0,16:59,NO,YES
26:33,33:57,YES,YES,27:35,24:58,YES,YES
31:21,27:58,YES,YES,Did Not Dress,Did Not Dress,YES,YES
0,38:36,NO,YES,22:19,0,YES,NO
35:44,32:55,YES,YES,0,28:04,NO,YES
0,0,NO,NO,37:48,0,YES,NO
37:47,34:26,YES,YES,30:13,33:35,YES,YES
33:02,37:33,YES,YES,30:14,36:42,YES,YES
16:00,25:28,YES,YES,29:07,22:20,YES,YES
0,32:16,NO,YES,32:04,0,YES,NO
28:18,28:53,YES,YES,0,38:21,NO,YES
0,31:03,NO,YES,37:32,30:12,YES,YES
0,18:41,NO,YES,27:42,32:46,YES,YES
0,31:01,NO,YES,30:23,28:51,YES,YES
35:48,0,YES,NO,0,29:00,NO,YES
Did Not Dress,0,YES,NO,31:45,29:26,YES,YES
0,37:00,NO,YES,32:57,0,YES,NO
36:49,38:21,YES,YES,33:35,35:03,YES,YES
28:30,28:07,YES,YES,35:01,Did Not Dress,YES,YES
34:55,37:15,YES,YES,14:36,32:47,YES,YES
37:31,0,YES,NO,27:02,15:27,YES,YES
Did Not Dress,28:12,YES,YES,19:46,23:52,YES,YES
0,23:03,NO,YES,28:42,29:35,YES,YES
34:36,33:46,YES,YES,29:49,38:52,YES,YES
35:55,29:44,YES,YES,31:24,38:00,YES,YES
29:37,36:02,YES,YES,26:09,37:59,YES,YES
0,Did Not Play,NO,YES,0,36:31,NO,YES
0,40:18,NO,YES,32:01,33:40,YES,YES
34:52,0,YES,NO,29:43,27:36,YES,YES
30:28,28:55,YES,YES,0,16:27,NO,YES
22:54,36:09,YES,YES,35:36,24:14,YES,YES
36:54,36:36,YES,YES,0,37:21,NO,YES
33:04,33:34,YES,YES,Did Not Dress,32:43,YES,YES
32:48,34:07,YES,YES,37:47,29:15,YES,YES
36:33,36:21,YES,YES,32:13,24:32,YES,YES
39:08,0,YES,NO,27:55,36:53,YES,YES
18:22,26:49,YES,YES,21:26,20:55,YES,YES
27:01,0,YES,NO,0,27:17,NO,YES
0,23:32,NO,YES,28:44,19:35,YES,YES
0,28:44,NO,YES,0,33:05,NO,YES
36:48,31:24,YES,YES,0,41:07,NO,YES
35:19,33:43,YES,YES,33:44,35:57,YES,YES
27:24,12:24,YES,YES,32:36,0,YES,NO
35:51,30:40,YES,YES,0,28:44,NO,YES
30:17,32:46,YES,YES,34:00,6:33,YES,YES
21:31,36:37,YES,YES,29:02,14:39,YES,YES
37:48,37:00,YES,YES,36:24,41:59,YES,YES
34:07,Did Not Play,YES,YES,0,37:32,NO,YES
32:29,Did Not Dress,YES,YES,Did Not Dress,36:15,YES,YES
34:48,27:55,YES,YES,30:07,35:33,YES,YES
40:20,38:14,YES,YES,34:54,30:53,YES,YES
38:55,42:20,YES,YES,0,41:24,NO,YES
43:48,0,YES,NO,0,35:49,NO,YES
29:30,29:39,YES,YES,29:51,22:58,YES,YES
28:05,19:54,YES,YES,25:35,31:32,YES,YES
36:20,0,YES,NO,0,37:09,NO,YES
23:00,16:26,YES,YES,24:48,21:39,YES,YES
34:23,24:52,YES,YES,32:29,33:14,YES,YES
34:18,32:07,YES,YES,34:18,0,YES,NO
34:46,26:29,YES,YES,37:43,27:49,YES,YES
39:46,36:23,YES,YES,34:00,0,YES,NO
34:24,24:41,YES,YES,0,40:30,NO,YES
25:24,29:01,YES,YES,30:39,28:59,YES,YES
35:49,40:39,YES,YES,39:13,0,YES,NO
0,26:19,NO,YES,27:24,27:11,YES,YES
0,39:43,NO,YES,24:25,34:17,YES,YES
34:06,36:50,YES,YES,39:15,0,YES,NO
24:23,28:16,YES,YES,26:59,18:21,YES,YES
33:16,32:14,YES,YES,0,Did Not Dress,NO,YES
Did Not Dress,35:24,YES,YES,39:11,40:19,YES,YES
35:56,31:40,YES,YES,27:30,24:08,YES,YES
0,30:42,NO,YES,33:39,31:45,YES,YES
33:13,36:10,YES,YES,37:38,35:51,YES,YES
40:41,35:56,YES,YES,31:44,0,YES,NO
0,34:17,NO,YES,33:24,21:36,YES,YES
29:06,29:09,YES,YES,39:01,37:02,YES,YES
0,42:20,NO,YES,0,30:54,NO,YES
31:03,32:08,YES,YES,22:43,36:17,YES,YES
27:25,27:20,YES,YES,30:02,35:19,YES,YES
32:33,1:36,YES,YES,38:55,37:48,YES,YES
0,34:59,NO,YES,20:31,34:34,YES,YES
0,37:42,NO,YES,Did Not Play,39:40,YES,YES
35:50,0,YES,NO,31:00,30:32,YES,YES
22:33,29:11,YES,YES,28:59,29:37,YES,YES
34:16,0,YES,NO,35:10,12:50,YES,YES
34:46,32:03,YES,YES,38:35,38:44,YES,YES
28:08,22:20,YES,YES,31:06,31:13,YES,YES
0,Did Not Play,NO,YES,45:08,43:31,YES,YES
36:09,27:56,YES,YES,35:11,27:04,YES,YES
0,30:18,NO,YES,Did Not Play,30:07,YES,YES
29:10,0,YES,NO,35:00,35:59,YES,YES
0,37:58,NO,YES,34:13,35:11,YES,YES
0,32:42,NO,YES,0,35:43,NO,YES
26:08,23:59,YES,YES,26:08,25:56,YES,YES
38:15,16:36,YES,YES,33:56,34:25,YES,YES
30:03,36:03,YES,YES,24:00,34:58,YES,YES
31:16,16:44,YES,YES,33:09,0,YES,NO
34:08,0,YES,NO,31:24,34:20,YES,YES
33:42,15:52,YES,YES,30:30,31:11,YES,YES
36:23,34:57,YES,YES,18:18,34:07,YES,YES
30:16,22:22,YES,YES,0,25:11,NO,YES
29:26,17:11,YES,YES,33:52,21:06,YES,YES
26:53,33:36,YES,YES,33:13,29:36,YES,YES
34:40,25:16,YES,YES,41:42,33:13,YES,YES
32:13,34:38,YES,YES,20:15,31:45,YES,YES
26:50,31:42,YES,YES,0,33:10,NO,YES
Did Not Dress,36:16,YES,YES,34:30,35:47,YES,YES
32:31,35:05,YES,YES,22:03,34:03,YES,YES
0,24:56,NO,YES,33:14,0,YES,NO
38:52,29:17,YES,YES,29:50,38:12,YES,YES
34:31,37:44,YES,YES,27:36,11:33,YES,YES
35:29,0,YES,NO,20:57,33:32,YES,YES
33:44,27:22,YES,YES,28:14,0,YES,NO
36:01,40:42,YES,YES,36:21,37:49,YES,YES
36:30,0,YES,NO,0,31:56,NO,YES
36:19,25:27,YES,YES,37:04,36:58,YES,YES
40:02,39:56,YES,YES,0,36:59,NO,YES
39:24,0,YES,NO,32:38,27:35,YES,YES
31:43,23:07,YES,YES,35:25,5:49,YES,YES
38:38,35:21,YES,YES,0,41:14,NO,YES
0,39:07,NO,YES,38:26,0,YES,NO
37:15,36:54,YES,YES,34:38,34:38,YES,YES
38:28,18:04,YES,YES,38:59,22:29,YES,YES
39:33,39:28,YES,YES,25:14,33:53,YES,YES
Did Not Dress,38:11,YES,YES,27:15,30:10,YES,YES
Not With Team,31:36,YES,YES,17:07,33:24,YES,YES
33:57,25:54,YES,YES,26:29,29:55,YES,YES
41:03,0,YES,NO,38:28,35:44,YES,YES
24:18,26:29,YES,YES,0,Did Not Play,NO,YES
32:49,30:38,YES,YES,30:26,32:17,YES,YES
35:37,0,YES,NO,35:06,0,YES,NO
0,37:04,NO,YES,40:11,7:29,YES,YES
33:16,26:27,YES,YES,0,23:51,NO,YES
0,0,NO,NO,37:09,36:22,YES,YES
25:54,36:39,YES,YES,28:51,34:57,YES,YES
0,33:27,NO,YES,26:15,27:16,YES,YES
29:45,31:34,YES,YES,26:00,22:59,YES,YES
28:21,33:00,YES,YES,26:57,32:50,YES,YES
38:43,0,YES,NO,33:35,29:49,YES,YES
Did Not Dress,37:54,YES,YES,36:29,33:01,YES,YES
37:39,31:54,YES,YES,0,35:52,NO,YES
29:10,30:44,YES,YES,25:15,20:19,YES,YES
44:23,0,YES,NO,37:53,35:53,YES,YES
0,30:47,NO,YES,32:50,27:30,YES,YES
30:40,27:31,YES,YES,30:48,35:36,YES,YES
32:20,33:34,YES,YES,37:18,0,YES,NO
38:16,41:44,YES,YES,39:11,28:12,YES,YES
26:19,25:54,YES,YES,0,27:34,NO,YES
33:50,36:59,YES,YES,32:42,26:33,YES,YES
24:19,35:25,YES,YES,34:56,23:22,YES,YES
34:30,42:20,YES,YES,38:07,33:51,YES,YES
0,27:20,NO,YES,23:52,31:00,YES,YES
37:18,34:48,YES,YES,34:44,0,YES,NO
0,35:12,NO,YES,Did Not Play,29:18,YES,YES
35:42,31:18,YES,YES,0,29:50,NO,YES
36:08,0,YES,NO,31:53,29:13,YES,YES
0,35:33,NO,YES,37:25,39:42,YES,YES
26:44,26:45,YES,YES,28:43,24:04,YES,YES
33:16,0,YES,NO,31:54,36:30,YES,YES
34:22,22:51,YES,YES,39:37,39:28,YES,YES
40:16,33:44,YES,YES,38:46,37:59,YES,YES
36:18,9:30,YES,YES,23:34,26:23,YES,YES
19:20,34:49,YES,YES,34:42,33:15,YES,YES
34:07,38:10,YES,YES,34:10,33:44,YES,YES
0,25:50,NO,YES,29:12,26:19,YES,YES
28:38,26:58,YES,YES,35:53,25:20,YES,YES
23:26,37:26,YES,YES,28:36,0,YES,NO
26:18,33:03,YES,YES,0,0,NO,NO
29:58,37:10,YES,YES,32:45,27:49,YES,YES
29:40,33:34,YES,YES,0,32:57,NO,YES
32:04,32:24,YES,YES,36:19,34:47,YES,YES
39:45,0,YES,NO,0,12:52,NO,YES
32:59,38:11,YES,YES,38:47,36:02,YES,YES
29:45,33:47,YES,YES,30:34,32:54,YES,YES
33:26,0,YES,NO,27:59,29:31,YES,YES
36:27,30:49,YES,YES,26:37,36:11,YES,YES
14:42,38:18,YES,YES,41:21,0,YES,NO
0,36:25,NO,YES,36:31,31:29,YES,YES
0,33:12,NO,YES,39:18,29:26,YES,YES
35:15,0,YES,NO,35:30,38:07,YES,YES
34:17,31:37,YES,YES,0,23:12,NO,YES
32:45,34:03,YES,YES,28:39,35:23,YES,YES
0,0,NO,NO,30:02,27:01,YES,YES
37:22,10:31,YES,YES,0,34:26,NO,YES
34:13,33:39,YES,YES,31:44,24:45,YES,YES
33:01,33:28,YES,YES,31:47,35:36,YES,YES
13:05,35:07,YES,YES,39:48,0,YES,NO
30:04,23:00,YES,YES,30:43,19:55,YES,YES
32:47,30:12,YES,YES,29:04,34:11,YES,YES
41:01,41:50,YES,YES,0,Did Not Play,NO,YES
32:58,34:00,YES,YES,38:37,0,YES,NO
0,20:41,NO,YES,0,17:56,NO,YES
37:55,33:45,YES,YES,39:36,37:32,YES,YES
37:11,40:50,YES,YES,38:19,9:41,YES,YES
33:40,0,YES,NO,30:07,29:43,YES,YES
27:33,30:44,YES,YES,0,29:08,NO,YES
39:46,42:33,YES,YES,38:52,36:09,YES,YES
25:43,39:35,YES,YES,30:43,26:06,YES,YES
33:36,32:32,YES,YES,18:30,30:15,YES,YES
25:13,21:19,YES,YES,30:05,0,YES,NO
32:59,41:32,YES,YES,34:56,35:18,YES,YES
37:13,36:15,YES,YES,37:20,36:15,YES,YES
35:10,37:23,YES,YES,40:16,36:38,YES,YES
28:08,27:53,YES,YES,15:52,34:51,YES,YES
0,21:16,NO,YES,38:37,0,YES,NO
Did Not Play,38:23,YES,YES,37:51,29:46,YES,YES
34:45,28:05,YES,YES,39:24,36:05,YES,YES
0,0,NO,NO,34:02,28:48,YES,YES
30:15,0,YES,NO,23:38,29:33,YES,YES
Did Not Dress,36:23,YES,YES,0,36:12,NO,YES
43:29,Did Not Dress,YES,YES,35:04,35:04,YES,YES
33:34,31:40,YES,YES,34:56,33:52,YES,YES
0,0,NO,NO,21:02,35:13,YES,YES
19:05,34:09,YES,YES,0,Did Not Play,NO,YES
Did Not Play,Did Not Play,YES,YES,33:37,30:36,YES,YES
0,19:21,NO,YES,33:36,0,YES,NO
27:36,16:36,YES,YES,34:12,0,YES,NO
35:10,33:34,YES,YES,0,Did Not Play,NO,YES
33:56,35:16,YES,YES,42:26,36:46,YES,YES
29:43,34:12,YES,YES,0,25:58,NO,YES
34:45,30:03,YES,YES,32:51,30:02,YES,YES
35:10,46:12,YES,YES,47:40,49:53,YES,YES
39:55,0,YES,NO,30:49,36:35,YES,YES
30:00,Did Not Play,YES,YES,34:02,0,YES,NO
36:56,36:33,YES,YES,38:49,37:42,YES,YES
0,20:30,NO,YES,25:46,19:01,YES,YES
0,35:07,NO,YES,37:32,35:09,YES,YES
22:16,35:16,YES,YES,0,Did Not Play,NO,YES
0,19:53,NO,YES,37:46,31:37,YES,YES
33:36,33:11,YES,YES,33:13,32:15,YES,YES
36:46,0,YES,NO,36:31,40:10,YES,YES
0,34:36,NO,YES,0,33:42,NO,YES
35:55,34:52,YES,YES,0,35:17,NO,YES
Did Not Play,35:04,YES,YES,37:39,34:22,YES,YES
33:04,26:48,YES,YES,0,31:25,NO,YES
Did Not Play,31:31,YES,YES,30:58,30:05,YES,YES
36:30,24:11,YES,YES,28:10,42:43,YES,YES
36:59,0,YES,NO,34:01,0,YES,NO
29:04,27:05,YES,YES,27:52,Did Not Play,YES,YES
0,38:38,NO,YES,33:55,32:25,YES,YES
34:31,28:26,YES,YES,38:38,36:36,YES,YES
37:08,34:06,YES,YES,0,25:52,NO,YES
0,17:02,NO,YES,40:04,38:57,YES,YES
37:27,36:40,YES,YES,0,20:18,NO,YES
0,34:05,NO,YES,29:49,35:27,YES,YES
33:51,0,YES,NO,18:23,37:33,YES,YES
36:40,34:13,YES,YES,27:29,12:33,YES,YES
Did Not Play,35:29,YES,YES,0,0,NO,NO
0,30:32,NO,YES,31:16,32:57,YES,YES
0,30:20,NO,YES,Did Not Play,37:15,YES,YES
33:07,33:23,YES,YES,36:35,35:26,YES,YES
41:56,41:30,YES,YES,37:19,44:04,YES,YES
45:34,44:17,YES,YES,47:53,45:36,YES,YES
34:18,27:51,YES,YES,31:26,Did Not Play,YES,YES
31:47,32:25,YES,YES,0,23:07,NO,YES
34:21,36:10,YES,YES,39:32,30:24,YES,YES
25:02,32:44,YES,YES,38:56,0,YES,NO
0,12:40,NO,YES,41:06,0,YES,NO
20:20,13:11,YES,YES,0,33:50,NO,YES
30:10,30:22,YES,YES,Did Not Dress,18:11,YES,YES
34:26,33:49,YES,YES,37:00,33:26,YES,YES
22:32,26:00,YES,YES,34:19,16:06,YES,YES
37:09,34:02,YES,YES,17:11,29:32,YES,YES
35:50,34:08,YES,YES,37:57,33:47,YES,YES
35:32,0,YES,NO,Did Not Dress,0,YES,NO
33:59,37:32,YES,YES,33:09,32:14,YES,YES
35:31,34:42,YES,YES,37:59,32:04,YES,YES
24:03,20:57,YES,YES,30:33,35:35,YES,YES
29:17,27:36,YES,YES,Did Not Dress,31:50,YES,YES
0,33:08,NO,YES,36:30,27:46,YES,YES
0,24:53,NO,YES,21:29,26:56,YES,YES
0,0,NO,NO,40:25,37:04,YES,YES
35:22,38:27,YES,YES,35:33,0,YES,NO
Did Not Dress,25:59,YES,YES,Did Not Play,25:34,YES,YES
29:13,4:44,YES,YES,29:07,30:46,YES,YES
37:08,38:58,YES,YES,33:42,35:33,YES,YES
36:33,0,YES,NO,39:05,35:29,YES,YES
Not With Team,0,YES,NO,30:57,35:08,YES,YES
31:01,30:44,YES,YES,30:29,31:41,YES,YES
39:22,14:08,YES,YES,36:01,Did Not Dress,YES,YES
23:28,20:59,YES,YES,27:58,27:27,YES,YES
33:08,33:43,YES,YES,0,Did Not Dress,NO,YES
0,27:40,NO,YES,Did Not Dress,38:26,YES,YES
Not With Team,40:59,YES,YES,37:55,29:18,YES,YES
36:34,39:07,YES,YES,36:22,0,YES,NO
24:51,40:43,YES,YES,41:01,0,YES,NO
33:52,31:02,YES,YES,0,26:01,NO,YES
25:47,27:42,YES,YES,33:52,Did Not Dress,YES,YES
0,0,NO,NO,25:13,25:03,YES,YES
21:20,34:19,YES,YES,36:41,35:20,YES,YES
25:25,28:06,YES,YES,24:49,19:35,YES,YES
23:32,Did Not Play,YES,YES,31:15,24:42,YES,YES
38:00,31:39,YES,YES,38:19,41:03,YES,YES
34:56,28:26,YES,YES,39:02,Did Not Dress,YES,YES
0,27:01,NO,YES,27:59,33:09,YES,YES
32:52,36:36,YES,YES,36:01,34:12,YES,YES
34:26,0,YES,NO,Did Not Dress,36:06,YES,YES
0,31:58,NO,YES,0,Did Not Dress,NO,YES
29:53,25:14,YES,YES,Did Not Play,34:10,YES,YES
7:36,0,YES,NO,33:12,31:44,YES,YES
0,18:23,NO,YES,38:50,14:54,YES,YES
31:00,34:52,YES,YES,38:13,35:11,YES,YES
0,0,NO,NO,35:12,33:12,YES,YES
22:53,19:10,YES,YES,28:01,33:45,YES,YES
37:09,29:19,YES,YES,33:51,0,YES,NO
35:36,25:32,YES,YES,36:15,39:14,YES,YES
38:25,0,YES,NO,34:52,35:40,YES,YES
31:37,38:03,YES,YES,0,0,NO,NO
Did Not Dress,34:44,YES,YES,27:35,38:13,YES,YES
0,0,NO,NO,32:13,27:42,YES,YES
25:11,0,YES,NO,0,9:44,NO,YES
0,0,NO,NO,34:27,28:09,YES,YES
0,21:39,NO,YES,30:50,32:05,YES,YES
Did Not Play,35:00,YES,YES,39:18,38:13,YES,YES
0,33:04,NO,YES,32:15,22:38,YES,YES
38:11,38:35,YES,YES,33:10,29:15,YES,YES
26:42,16:58,YES,YES,27:17,0,YES,NO
26:43,31:34,YES,YES,30:27,32:57,YES,YES
0,30:08,NO,YES,35:25,39:51,YES,YES
40:30,17:31,YES,YES,34:37,32:50,YES,YES
25:09,26:20,YES,YES,25:22,20:28,YES,YES
37:36,18:11,YES,YES,28:57,31:39,YES,YES
Did Not Dress,31:06,YES,YES,34:39,36:08,YES,YES
0,27:47,NO,YES,36:22,32:15,YES,YES
41:54,35:14,YES,YES,37:19,0,YES,NO
24:44,34:19,YES,YES,30:47,21:09,YES,YES
40:57,43:15,YES,YES,44:34,0,YES,NO
35:46,29:31,YES,YES,32:52,0,YES,NO
0,Did Not Dress,NO,YES,33:01,38:19,YES,YES
34:55,0,YES,NO,Did Not Play,32:21,YES,YES
0,0,NO,NO,33:35,27:34,YES,YES
0,36:54,NO,YES,Did Not Dress,0,YES,NO
39:31,37:57,YES,YES,35:04,36:31,YES,YES
0,9:23,NO,YES,0,32:17,NO,YES
Did Not Dress,36:23,YES,YES,33:14,39:08,YES,YES
35:09,15:23,YES,YES,0,Did Not Dress,NO,YES
33:42,34:15,YES,YES,31:53,0,YES,NO
39:08,37:22,YES,YES,24:18,29:55,YES,YES
0,26:30,NO,YES,32:13,29:56,YES,YES
24:55,26:02,YES,YES,29:13,31:07,YES,YES
30:45,27:34,YES,YES,34:59,37:03,YES,YES
38:27,0,YES,NO,0,23:00,NO,YES
35:26,35:34,YES,YES,38:18,0,YES,NO
35:32,0,YES,NO,19:17,0,YES,NO
0,17:33,NO,YES,0,23:14,NO,YES
Did Not Dress,0,YES,NO,32:38,35:42,YES,YES
32:42,19:40,YES,YES,30:37,27:17,YES,YES
0,Did Not Play,NO,YES,32:19,37:44,YES,YES
43:25,36:57,YES,YES,38:42,37:25,YES,YES
0,0,NO,NO,38:58,33:45,YES,YES
38:52,19:26,YES,YES,0,31:50,NO,YES
39:40,0,YES,NO,37:19,0,YES,NO
34:20,32:03,YES,YES,0,0,NO,NO
36:43,10:51,YES,YES,28:15,29:06,YES,YES
26:24,19:00,YES,YES,0,28:47,NO,YES
39:53,31:03,YES,YES,33:42,30:54,YES,YES
34:24,33:47,YES,YES,0,32:11,NO,YES
0,24:59,NO,YES,Did Not Dress,0,YES,NO
34:56,41:25,YES,YES,40:57,45:17,YES,YES
37:33,Did Not Play,YES,YES,31:47,34:39,YES,YES
30:30,34:46,YES,YES,24:34,34:07,YES,YES
28:30,22:05,YES,YES,27:57,32:36,YES,YES
0,0,NO,NO,0,36:20,NO,YES
37:55,33:27,YES,YES,27:14,Did Not Dress,YES,YES
0,29:05,NO,YES,38:18,24:12,YES,YES
30:33,0,YES,NO,0,20:15,NO,YES
30:16,23:31,YES,YES,22:10,28:29,YES,YES
32:43,32:43,YES,YES,32:58,26:31,YES,YES
36:20,0,YES,NO,0,26:14,NO,YES
35:31,0,YES,NO,Did Not Dress,0,YES,NO
37:20,36:12,YES,YES,32:04,30:29,YES,YES
28:10,17:44,YES,YES,30:03,29:01,YES,YES
38:02,40:02,YES,YES,Did Not Play,38:43,YES,YES
35:31,36:28,YES,YES,29:07,36:30,YES,YES
45:18,0,YES,NO,27:33,31:35,YES,YES
35:07,33:58,YES,YES,0,0,NO,NO
32:18,30:48,YES,YES,36:53,37:55,YES,YES
28:55,39:03,YES,YES,32:10,18:35,YES,YES
0,0,NO,NO,0,0,NO,NO
19:16,28:19,YES,YES,33:19,30:21,YES,YES
0,28:21,NO,YES,0,19:00,NO,YES
34:15,34:31,YES,YES,37:10,33:39,YES,YES
31:42,40:02,YES,YES,Did Not Dress,0,YES,NO
37:27,26:26,YES,YES,38:06,30:40,YES,YES
0,35:07,NO,YES,Did Not Play,39:14,YES,YES
41:20,0,YES,NO,36:17,38:16,YES,YES
32:43,0,YES,NO,32:15,30:15,YES,YES
24:27,33:16,YES,YES,35:51,16:15,YES,YES
42:04,0,YES,NO,40:04,8:09,YES,YES
0,0,NO,NO,27:28,32:35,YES,YES
38:25,35:44,YES,YES,18:53,30:40,YES,YES
22:49,46:05,YES,YES,43:33,45:37,YES,YES
0,Did Not Play,NO,YES,29:41,38:32,YES,YES
38:54,42:40,YES,YES,31:31,34:16,YES,YES
35:54,30:19,YES,YES,41:29,0,YES,NO
24:50,26:07,YES,YES,38:30,24:14,YES,YES
37:17,Not With Team,YES,YES,0,26:32,NO,YES
Did Not Play,0,YES,NO,35:50,36:59,YES,YES
35:19,0,YES,NO,35:57,15:01,YES,YES
36:17,37:56,YES,YES,35:26,36:56,YES,YES
Did Not Play,35:49,YES,YES,40:22,36:49,YES,YES
25:15,19:35,YES,YES,Did Not Dress,0,YES,NO
0,20:36,NO,YES,36:33,34:52,YES,YES
0,0,NO,NO,26:41,0,YES,NO
26:10,38:23,YES,YES,37:45,41:07,YES,YES
22:29,36:57,YES,YES,0,34:14,NO,YES
33:43,38:29,YES,YES,39:32,0,YES,NO
